{"initial_reset_timestamp": 1596375895.987763, "timestamps": [1596375961.708718], "episode_lengths": [1630], "episode_rewards": [21.0], "episode_types": ["t"]}