{"initial_reset_timestamp": 1596267421.453717, "timestamps": [1596267453.832159], "episode_lengths": [762], "episode_rewards": [-21.0], "episode_types": ["t"]}