{"initial_reset_timestamp": 1596265498.290761, "timestamps": [1596265529.099409], "episode_lengths": [762], "episode_rewards": [-21.0], "episode_types": ["t"]}