{"initial_reset_timestamp": 1594142985.6199737, "timestamps": [1594142986.1789465], "episode_lengths": [19], "episode_rewards": [19.0], "episode_types": ["t"]}