{"initial_reset_timestamp": 1596265661.2338116, "timestamps": [1596265692.085671], "episode_lengths": [762], "episode_rewards": [-21.0], "episode_types": ["t"]}