{"initial_reset_timestamp": 1596376084.3004265, "timestamps": [1596376150.23573], "episode_lengths": [1635], "episode_rewards": [21.0], "episode_types": ["t"]}