{"initial_reset_timestamp": 1596265766.861264, "timestamps": [1596265797.7376556], "episode_lengths": [762], "episode_rewards": [-21.0], "episode_types": ["t"]}