{"initial_reset_timestamp": 1596375993.5670083, "timestamps": [1596376059.4720366], "episode_lengths": [1636], "episode_rewards": [21.0], "episode_types": ["t"]}