{"initial_reset_timestamp": 1596265715.425991, "timestamps": [1596265746.3084111], "episode_lengths": [762], "episode_rewards": [-21.0], "episode_types": ["t"]}