{"initial_reset_timestamp": 1596265618.0574517, "timestamps": [1596265648.9400423], "episode_lengths": [762], "episode_rewards": [-21.0], "episode_types": ["t"]}