{"initial_reset_timestamp": 1596375788.3307369, "timestamps": [1596375859.2996836], "episode_lengths": [1635], "episode_rewards": [21.0], "episode_types": ["t"]}