{"initial_reset_timestamp": 1596265416.1864038, "timestamps": [1596265450.0703197], "episode_lengths": [762], "episode_rewards": [-21.0], "episode_types": ["t"]}